date,link,text
2018-02-23 15:00,https://sfbay.craigslist.org/scz/egr/d/structural-engineer-technician/6507845709.html,Structural Engineer Technician
2018-02-23 14:58,https://sfbay.craigslist.org/nby/egr/d/full-stack-engineer-with/6507843794.html,Full Stack Engineer with Angular Skills in SF North Bay
2018-02-23 14:22,https://sfbay.craigslist.org/nby/egr/d/architectural-job-captain/6507798264.html,Architectural Job Captain (Revit)
2018-02-23 12:55,https://sfbay.craigslist.org/sby/egr/d/design-engineer-porsche/6507681525.html,Design Engineer  - Porsche Suspension Components
2018-02-23 11:57,https://sfbay.craigslist.org/eby/egr/d/associate-engineer/6507599560.html,Associate Engineer
2018-02-23 11:34,https://sfbay.craigslist.org/pen/egr/d/structural-engineer/6507565199.html,Structural Engineer
2018-02-23 10:50,https://sfbay.craigslist.org/pen/egr/d/1-day-job-1000/6507499481.html,1 day job 1000$$$
2018-02-23 09:47,https://sfbay.craigslist.org/sfc/egr/d/open-interviews-job-fair/6507403691.html,"OPEN INTERVIEWS/JOB FAIR-COMPOSITE TECHS, WIRE HARNESS ASSEMBLERS..."
2018-02-23 09:38,https://sfbay.craigslist.org/sby/egr/d/medical-device-rd-engineer-1/6507389513.html,Medical Device R&D Engineer 1
2018-02-23 09:29,https://sfbay.craigslist.org/eby/egr/d/cad-drafter/6507375820.html,CAD Drafter
2018-02-23 09:23,https://sfbay.craigslist.org/sfc/egr/d/cad-technician/6507366890.html,CAD Technician
2018-02-23 09:17,https://sfbay.craigslist.org/pen/egr/d/construction-site-supervisor/6507356474.html,Construction Site Supervisor - BPR Properties
2018-02-23 08:34,https://sfbay.craigslist.org/eby/egr/d/experienced-site/6507291416.html,EXPERIENCED SITE SUPERINTENDENT FOR CONSTRUCTION PROJ
2018-02-22 17:10,https://sfbay.craigslist.org/nby/egr/d/senior-architect/6506731187.html,Senior Architect
2018-02-22 17:03,https://sfbay.craigslist.org/nby/egr/d/architectural-graduate-intern/6506724567.html,Architectural Graduate Intern
2018-02-22 16:58,https://sfbay.craigslist.org/nby/egr/d/project-architect/6506719721.html,Project Architect
2018-02-22 16:19,https://sfbay.craigslist.org/eby/egr/d/manufacturing-test-engineer/6506682137.html,Manufacturing Test Engineer
2018-02-22 16:14,https://sfbay.craigslist.org/eby/egr/d/manufacturing-npi-engineer/6506676617.html,Manufacturing NPI Engineer
2018-02-22 14:30,https://sfbay.craigslist.org/eby/egr/d/intermediate-architect/6506561211.html,Intermediate Architect/Designer
2018-02-22 13:17,https://sfbay.craigslist.org/eby/egr/d/project-administrator/6506468727.html,Project Administrator
2018-02-22 13:15,https://sfbay.craigslist.org/eby/egr/d/residential-interior-design/6506466253.html,Residential Interior Design Position -Established Design/Build Firm
2018-02-22 11:54,https://sfbay.craigslist.org/nby/egr/d/senior-designer/6506356702.html,Senior Designer
2018-02-22 11:39,https://sfbay.craigslist.org/nby/egr/d/interior-designer/6506335634.html,Interior Designer
2018-02-22 10:53,https://sfbay.craigslist.org/sfc/egr/d/structural-drafter/6506269173.html,Structural Drafter
2018-02-22 10:45,https://sfbay.craigslist.org/sby/egr/d/construction-superintendent/6506256981.html,CONSTRUCTION SUPERINTENDENT - SAN JOSE/SARATOGA AREA
2018-02-22 10:43,https://sfbay.craigslist.org/pen/egr/d/professional-estimator/6506254278.html,Professional Estimator (Property/Construction)
2018-02-22 10:33,https://sfbay.craigslist.org/sby/egr/d/estimating-coordinator/6506239419.html,**Estimating Coordinator**
2018-02-22 10:22,https://sfbay.craigslist.org/sfc/egr/d/structural-project-engineer/6506223699.html,***Structural Project Engineer***
2018-02-22 10:15,https://sfbay.craigslist.org/sfc/egr/d/sf-land-surveying-firm/6506214721.html,SF Land Surveying Firm Seeking Party Chief
2018-02-22 09:47,https://sfbay.craigslist.org/sby/egr/d/cnc-operator-qc-inspector-for/6506172778.html,CNC Operator/QC Inspector for manufacturer
2018-02-21 17:39,https://sfbay.craigslist.org/eby/egr/d/field-engineer/6505528992.html,Field Engineer
2018-02-21 17:29,https://sfbay.craigslist.org/eby/egr/d/project-manager/6505520156.html,Project Manager
2018-02-21 16:59,https://sfbay.craigslist.org/eby/egr/d/project-manager-or-program/6505491056.html,Project Manager or Program Manager
2018-02-21 16:08,https://sfbay.craigslist.org/eby/egr/d/cad-misc-and-structural-steel/6505439758.html,CAD Misc. and Structural Steel Shop detailer
2018-02-21 15:41,https://sfbay.craigslist.org/eby/egr/d/plan-reviewer/6505409777.html,Plan Reviewer
2018-02-21 13:20,https://sfbay.craigslist.org/sby/egr/d/industrial-designer/6505236483.html,Industrial Designer
2018-02-21 12:55,https://sfbay.craigslist.org/nby/egr/d/vineyard-mechanic-level-3/6505201423.html,Vineyard Mechanic Level 3
2018-02-21 12:46,https://sfbay.craigslist.org/sfc/egr/d/project-architect-manager/6505188745.html,Project Architect/Manager
2018-02-21 12:17,https://sfbay.craigslist.org/nby/egr/d/open-interviews/6505148035.html,Open Interviews
2018-02-21 12:09,https://sfbay.craigslist.org/nby/egr/d/experienced-hvac-engineer-or/6505137844.html,Experienced HVAC Engineer or Designer
2018-02-21 11:46,https://sfbay.craigslist.org/nby/egr/d/construction-estimator/6505104538.html,Construction Estimator
2018-02-21 11:31,https://sfbay.craigslist.org/sfc/egr/d/project-engineer-field/6505081985.html,Project Engineer - Field Operations
2018-02-21 11:18,https://sfbay.craigslist.org/eby/egr/d/senior-project-engineer/6505062738.html,Senior Project Engineer
2018-02-21 11:04,https://sfbay.craigslist.org/eby/egr/d/hiring-project-labor-foreman/6505041074.html,"Hiring! Project Labor Foreman 5936, - Holland Residential"
2018-02-21 11:03,https://sfbay.craigslist.org/eby/egr/d/hiring-project-superintendent/6505039782.html,"Hiring! Project Superintendent, Job 5938 - Holland Construction"
2018-02-21 10:53,https://sfbay.craigslist.org/eby/egr/d/architectural-designer/6505025303.html,Architectural Designer
2018-02-21 10:29,https://sfbay.craigslist.org/eby/egr/d/hiring-project-management/6504987875.html,"Hiring! Project Management Assistant, Job 5975 - Holland Construction"
2018-02-21 09:43,https://sfbay.craigslist.org/sby/egr/d/mechanical-engineer/6504917959.html,Mechanical Engineer
2018-02-21 08:56,https://sfbay.craigslist.org/eby/egr/d/senior-project-construction/6504845697.html,Senior Project/Construction Manager
2018-02-21 07:55,https://sfbay.craigslist.org/eby/egr/d/assistant-construction/6504754043.html,Assistant Construction Manager - Field Engineer
2018-02-20 22:22,https://sfbay.craigslist.org/pen/egr/d/construction-office-assistant/6504449371.html,Construction Office Assistant/Co-Estimator
2018-02-20 18:31,https://sfbay.craigslist.org/sfc/egr/d/estimator-junior-project/6504311182.html,Estimator/Junior Project Manager
2018-02-20 17:39,https://sfbay.craigslist.org/pen/egr/d/construction-project-managers/6504266525.html,Construction Project Managers
2018-02-20 15:14,https://sfbay.craigslist.org/eby/egr/d/service-technician-project/6504115081.html,Service Technician / Project manager
2018-02-20 15:05,https://sfbay.craigslist.org/eby/egr/d/project-manager/6504105330.html,Project Manager/Superintendent for HVAC
2018-02-20 14:28,https://sfbay.craigslist.org/sfc/egr/d/entry-level-construction/6504058265.html,Entry Level Construction Facilitator
2018-02-20 12:06,https://sfbay.craigslist.org/nby/egr/d/intern-designer-contract-to/6503864235.html,INTERN/DESIGNER - CONTRACT TO START
2018-02-20 11:54,https://sfbay.craigslist.org/sby/egr/d/electrical-engineer/6503846841.html,Electrical Engineer
2018-02-20 11:27,https://sfbay.craigslist.org/eby/egr/d/floor-plan-measurer-as-built/6503805935.html,Floor Plan Measurer: AS-BUILT Drawings $35-$50/hr
2018-02-20 10:18,https://sfbay.craigslist.org/nby/egr/d/structural-drafter-cad/6503699190.html,Structural Drafter/CAD
2018-02-20 10:11,https://sfbay.craigslist.org/nby/egr/d/entry-level-and-intern/6503687344.html,Entry-Level and Intern Landscape Architects
2018-02-20 09:34,https://sfbay.craigslist.org/nby/egr/d/drafting-design-engineer/6503629259.html,Drafting/ Design Engineer
2018-02-20 09:20,https://sfbay.craigslist.org/pen/egr/d/construction-project-manager/6503606647.html,Construction Project Manager
2018-02-20 08:58,https://sfbay.craigslist.org/nby/egr/d/project-mechanical-engineer/6503572078.html,Project Mechanical Engineer
2018-02-20 06:55,https://sfbay.craigslist.org/sfc/egr/d/architect-designer-5-10-years/6503393633.html,Architect/Designer 5-10 years experience
2018-02-19 16:57,https://sfbay.craigslist.org/nby/egr/d/chief-building-official/6502938584.html,Chief Building Official
2018-02-19 15:10,https://sfbay.craigslist.org/pen/egr/d/job-captain-project-architect/6502817248.html,Job Captain / Project Architect
2018-02-19 13:42,https://sfbay.craigslist.org/nby/egr/d/senior-construction-consultant/6502699558.html,Senior Construction Consultant
2018-02-19 13:34,https://sfbay.craigslist.org/sfc/egr/d/senior-construction-consultant/6502689048.html,Senior Construction Consultant
2018-02-19 12:29,https://sfbay.craigslist.org/scz/egr/d/engineering-geologist-civil/6502590554.html,ENGINEERING GEOLOGIST / CIVIL ENGINEER / GIS TECHNICIAN
2018-02-19 10:37,https://sfbay.craigslist.org/sby/egr/d/experienced-architectural/6502410878.html,Experienced Architectural Drafter for Residential/Commercial Project
2018-02-19 10:18,https://sfbay.craigslist.org/nby/egr/d/senior-rf-electronics-and/6502378319.html,Senior RF Electronics and Software Technician
2018-02-18 14:37,https://sfbay.craigslist.org/nby/egr/d/project-manager-residential/6501488663.html,Project Manager - Residential Construction
2018-02-18 10:43,https://sfbay.craigslist.org/sfc/egr/d/firmware-engineering-lead/6501211522.html,Firmware Engineering Lead
2018-02-17 17:32,https://sfbay.craigslist.org/eby/egr/d/field-service-technician-semi/6500602670.html,Field Service Technician (Semi/BioTech Equipment)
2018-02-17 17:13,https://sfbay.craigslist.org/sfc/egr/d/geotechnical-civil-env/6500587661.html,"Geotechnical, Civil/Env. Engineering, Geology,  Intern Positions"
2018-02-17 13:39,https://sfbay.craigslist.org/sby/egr/d/land-survey-assistant-for/6500371163.html,Land Survey Assistant for field needed
2018-02-17 00:56,https://sfbay.craigslist.org/nby/egr/d/hiring-autocad-drafter-and/6499636127.html,Hiring Autocad Drafter and Field Technician - Staff Land Surveyor
2018-02-16 20:20,https://sfbay.craigslist.org/sby/egr/d/mechanical-engineer/6499532133.html,Mechanical Engineer
2018-02-16 19:39,https://sfbay.craigslist.org/nby/egr/d/architectural-job-captain/6499507213.html,Architectural Job Captain (Revit)
2018-02-16 17:49,https://sfbay.craigslist.org/sfc/egr/d/project-architect/6499425289.html,Project Architect
2018-02-16 17:45,https://sfbay.craigslist.org/sfc/egr/d/job-captain-bim-coordinator/6499421700.html,Job Captain/BIM Coordinator
2018-02-16 16:02,https://sfbay.craigslist.org/sfc/egr/d/building-surveyor-for/6499322306.html,Building Surveyor for architectural as-builts - Field Work only
2018-02-16 15:53,https://sfbay.craigslist.org/eby/egr/d/structural-project-engineer/6499312586.html,Structural Project Engineer - Ashley & Vance Engineering
2018-02-16 15:22,https://sfbay.craigslist.org/nby/egr/d/landscape-designer-architect/6499277856.html,Landscape Designer/Architect   (Napa Valley)
2018-02-16 14:13,https://sfbay.craigslist.org/eby/egr/d/designer-with-2-5-years/6499192366.html,Designer with 2-5 years experience
2018-02-16 13:25,https://sfbay.craigslist.org/nby/egr/d/construction-manager-wanted/6499124696.html,Construction Manager Wanted
2018-02-16 12:45,https://sfbay.craigslist.org/eby/egr/d/construction-office-field/6499067964.html,Construction Office Field Engineer
2018-02-15 09:43,https://sfbay.craigslist.org/sfc/egr/d/senior-electrical-engineer/6497539000.html,Senior Electrical Engineer
2018-02-16 11:57,https://sfbay.craigslist.org/eby/egr/d/structural-project-engineer/6498997853.html,Structural Project Engineer
2018-02-16 11:51,https://sfbay.craigslist.org/eby/egr/d/engineering-drafter/6498988445.html,Engineering Drafter
2018-02-16 11:50,https://sfbay.craigslist.org/eby/egr/d/mechanical-designer/6498987824.html,Mechanical Designer
2018-02-16 11:50,https://sfbay.craigslist.org/eby/egr/d/job-captain-architecture/6498986978.html,Job Captain/Architecture
2018-02-16 11:49,https://sfbay.craigslist.org/eby/egr/d/project-architect/6498986009.html,Project Architect
2018-02-15 08:14,https://sfbay.craigslist.org/nby/egr/d/proposal-manager/6497404721.html,Proposal Manager
2018-02-14 18:33,https://sfbay.craigslist.org/nby/egr/d/architectural-draftsperson/6496974914.html,Architectural Draftsperson
2018-02-14 18:07,https://sfbay.craigslist.org/nby/egr/d/project-architect/6496956386.html,Project Architect
2018-02-14 16:12,https://sfbay.craigslist.org/nby/egr/d/engineering-technician/6496862128.html,Engineering Technician (Facility Design) @ Marin Municipal Water Dist
2018-02-14 15:52,https://sfbay.craigslist.org/pen/egr/d/bim-designer-cloud/6496843379.html,BIM Designer - Cloud Infrastructure Projects
2018-02-14 14:45,https://sfbay.craigslist.org/pen/egr/d/burlingame-open-house/6496774446.html,BURLINGAME OPEN HOUSE Wednesday February 21ST & Saturday February 24TH
2018-02-16 11:47,https://sfbay.craigslist.org/eby/egr/d/electrical-designer/6498983517.html,Electrical Designer
2018-02-16 11:47,https://sfbay.craigslist.org/eby/egr/d/project-manager/6498982523.html,Project Manager
2018-02-16 11:45,https://sfbay.craigslist.org/eby/egr/d/immediate-full-time-drafter/6498980024.html,Immediate Full-Time Drafter needed for Vallejo Engineering Company
2018-02-16 11:16,https://sfbay.craigslist.org/sby/egr/d/manufacturing-engineer/6498936261.html,Manufacturing Engineer @ MillenniumSoft Inc.
2018-02-16 11:09,https://sfbay.craigslist.org/sby/egr/d/project-engineer-concrete/6498924609.html,**Project Engineer-Concrete Experience HIGHLY DESIRED**
2018-02-14 14:09,https://sfbay.craigslist.org/sfc/egr/d/administrative-assistant/6496734126.html,Administrative Assistant/Accounts Payable Assistant
2018-02-14 13:47,https://sfbay.craigslist.org/sfc/egr/d/application-engineer/6496706535.html,Application Engineer
2018-02-14 13:42,https://sfbay.craigslist.org/sfc/egr/d/architectural-project-manager/6496701621.html,Architectural Project Manager with Retail/Residential Experience
2018-02-14 13:11,https://sfbay.craigslist.org/eby/egr/d/development-consultant/6496663747.html,DEVELOPMENT CONSULTANT
2018-02-14 12:51,https://sfbay.craigslist.org/eby/egr/d/architect/6496637997.html,Architect
2018-02-16 11:03,https://sfbay.craigslist.org/sby/egr/d/auto-cad-drafter-pool-company/6498915627.html,Auto CAD Drafter POOL Company
2018-02-16 10:49,https://sfbay.craigslist.org/eby/egr/d/program-manager/6498895503.html,Program Manager
2018-02-16 10:47,https://sfbay.craigslist.org/sfc/egr/d/junior-interior-designer/6498892115.html,Junior Interior Designer
2018-02-16 10:43,https://sfbay.craigslist.org/sfc/egr/d/project-designer-residential/6498886374.html,PROJECT DESIGNER (RESIDENTIAL INTERIOR DESIGN )
2018-02-16 10:41,https://sfbay.craigslist.org/nby/egr/d/assistant-estimator/6498882340.html,Assistant Estimator
2018-02-14 12:18,https://sfbay.craigslist.org/pen/egr/d/interior-architect-interior/6496595268.html,Interior Architect - Interior Design
2018-02-14 11:02,https://sfbay.craigslist.org/eby/egr/d/civil-engineer-2-6-years/6496488866.html,Civil Engineer (2-6 years)
2018-02-14 09:39,https://sfbay.craigslist.org/eby/egr/d/engineer-in-training-eit/6496371438.html,Engineer in Training (EIT)
2018-02-14 09:27,https://sfbay.craigslist.org/pen/egr/d/cad-architectural-drafter/6496353874.html,CAD Architectural Drafter
2018-02-14 09:10,https://sfbay.craigslist.org/eby/egr/d/hiring-project-management/6496328498.html,"Hiring! Project Management Assistant, Job 5975 - Holland Construction"
2018-02-16 10:28,https://sfbay.craigslist.org/eby/egr/d/senior-energy-analyst-energy/6498862167.html,"Senior Energy Analyst/Energy Engineer    Emeryville, CA"
2018-02-16 10:02,https://sfbay.craigslist.org/eby/egr/d/energy-analyst-emeryville-ca/6498822110.html,"Energy Analyst      Emeryville, CA"
2018-02-16 10:00,https://sfbay.craigslist.org/eby/egr/d/estimator-assistant-estimator/6498818381.html,Estimator / Assistant Estimator
2018-02-16 09:59,https://sfbay.craigslist.org/eby/egr/d/project-manager/6498816587.html,Project Manager
2018-02-16 09:38,https://sfbay.craigslist.org/eby/egr/d/assistant-project-manager/6498782440.html,Assistant Project Manager / Project Engineer
2018-02-16 09:24,https://sfbay.craigslist.org/eby/egr/d/mechanical-engineer/6498760060.html,Mechanical Engineer
2018-02-14 08:59,https://sfbay.craigslist.org/eby/egr/d/hiring-project-superintendent/6496311501.html,"Hiring! Project Superintendent, Job 5938 - Holland Construction"
2018-02-14 08:58,https://sfbay.craigslist.org/eby/egr/d/hiring-project-labor-foreman/6496310894.html,"Hiring! Project Labor Foreman 5936, - Holland Residential"
2018-02-14 08:54,https://sfbay.craigslist.org/sfc/egr/d/intermediate-designer-3-5-yrs/6496305126.html,"Intermediate Designer, 3-5 yrs exp - San Francisco"
2018-02-14 08:46,https://sfbay.craigslist.org/sfc/egr/d/project-architect-5-10-yrs-exp/6496293642.html,"Project Architect, 5-10 yrs exp"
2018-02-14 07:10,https://sfbay.craigslist.org/sfc/egr/d/now-hiring-entry-level/6496164257.html,Now Hiring - Entry Level Project Engineer
2018-02-13 20:25,https://sfbay.craigslist.org/eby/egr/d/construction-project-engineer/6495887500.html,Construction Project Engineer
2018-02-15 16:58,https://sfbay.craigslist.org/eby/egr/d/senior-civil-engineer-land/6498100968.html,Senior Civil Engineer - Land Development
2018-02-15 16:27,https://sfbay.craigslist.org/sfc/egr/d/rmo-for-california-corporation/6498071847.html,RMO FOR CALIFORNIA CORPORATION
2018-02-15 15:37,https://sfbay.craigslist.org/sfc/egr/d/job-captain-senior-drafter/6498019204.html,Job Captain / Senior Drafter
2018-02-15 14:52,https://sfbay.craigslist.org/eby/egr/d/autocad-drafter/6497968387.html,AutoCAD Drafter
2018-02-15 14:52,https://sfbay.craigslist.org/eby/egr/d/project-manager-cabinet/6497968132.html,Project Manager - Cabinet Construction Service Rep
2018-02-13 18:05,https://sfbay.craigslist.org/sby/egr/d/junior-buyer-orbotech/6495792338.html,Junior Buyer - Orbotech
2018-02-13 17:51,https://sfbay.craigslist.org/sby/egr/d/motion-controls-engineer/6495780774.html,Motion Controls Engineer @ Orbotech
2018-02-13 17:22,https://sfbay.craigslist.org/sby/egr/d/entry-level-architectural/6495755861.html,ENTRY LEVEL ARCHITECTURAL DRAFTER WANTED!
2018-02-13 16:57,https://sfbay.craigslist.org/sfc/egr/d/senior-interior-designer/6495733557.html,Senior Interior Designer - Regan Baker Design
2018-02-13 15:58,https://sfbay.craigslist.org/pen/egr/d/forward-thinking-california/6495675692.html,Forward Thinking California Licensed Structural Engineer
2018-02-15 14:47,https://sfbay.craigslist.org/eby/egr/d/autocad-drafter-brentwood-ca/6497962974.html,"AutoCAD Drafter Brentwood, CA"
2018-02-15 14:47,https://sfbay.craigslist.org/sfc/egr/d/mep-application-specialist/6497962981.html,MEP Application Specialist for Autodesk Reseller
2018-02-15 14:44,https://sfbay.craigslist.org/sfc/egr/d/mep-application-specialist/6497959500.html,MEP Application Specialist for Autodesk Reseller
2018-02-15 12:54,https://sfbay.craigslist.org/sfc/egr/d/senior-architect-autocad/6497817496.html,Senior Architect - AutoCAD Designer
2018-02-15 10:05,https://sfbay.craigslist.org/eby/egr/d/project-engineer/6497571966.html,Project Engineer
2018-02-13 15:43,https://sfbay.craigslist.org/sfc/egr/d/surveyor-party-chief/6495659962.html,Surveyor Party Chief
2018-02-13 15:07,https://sfbay.craigslist.org/sfc/egr/d/entry-level-designer-drafter/6495620042.html,Entry Level Designer / Drafter
2018-02-13 13:45,https://sfbay.craigslist.org/sfc/egr/d/construction-estimator/6495522765.html,Construction Estimator
2018-02-13 13:12,https://sfbay.craigslist.org/sfc/egr/d/student-intern-architecture/6495479163.html,Student Intern - Architecture
2018-02-13 12:29,https://sfbay.craigslist.org/sby/egr/d/tradesperson-engineer-crowne/6495420359.html,Tradesperson/Engineer - Crowne Plaza San Jose-Silicon Valley
2018-02-15 09:52,https://sfbay.craigslist.org/eby/egr/d/program-manager/6497551686.html,Program Manager
2018-02-13 12:15,https://sfbay.craigslist.org/pen/egr/d/immediate-assistant-director/6495401889.html,IMMEDIATE  ASSISTANT DIRECTOR OF ENGINEERING OPPORTUNITY
2018-02-13 10:36,https://sfbay.craigslist.org/sfc/egr/d/structural-project-manager/6495257749.html,Structural Project Manager
2018-02-13 10:04,https://sfbay.craigslist.org/sby/egr/d/concrete-estimator/6495207088.html,Concrete Estimator
2018-02-13 08:09,https://sfbay.craigslist.org/sby/egr/d/cad-detailer-cnc-programmer/6495028971.html,CAD Detailer / CNC Programmer
2018-02-13 07:01,https://sfbay.craigslist.org/sfc/egr/d/project-architect-high-end/6494935298.html,Project Architect (High-end Retail & Hospitality) - CONTRACT POSITION
2018-02-12 23:38,https://sfbay.craigslist.org/sfc/egr/d/landscape-designer-architect/6494732304.html,Landscape Designer/Architect Wanted
2018-02-12 20:51,https://sfbay.craigslist.org/sby/egr/d/civil-engineering/6494667879.html,Civil Engineering / Architectural / Construction Interns
2018-02-12 18:34,https://sfbay.craigslist.org/eby/egr/d/project-designer-manager/6494574511.html,"Project Designer / Manager / Architect at FB Designbuild, Inc."
2018-02-12 17:10,https://sfbay.craigslist.org/nby/egr/d/production-assistant-reports/6494499126.html,Production Assistant (Reports directly to the president/owner)
2018-02-12 17:03,https://sfbay.craigslist.org/sby/egr/d/architect-project-manager/6494492835.html,Architect Project Manager
2018-02-12 16:15,https://sfbay.craigslist.org/sfc/egr/d/interior-design-sr-project/6494443827.html,Interior Design Sr. Project Manager (SFOINT1460)
2018-02-12 14:51,https://sfbay.craigslist.org/eby/egr/d/civil-engineer/6494345994.html,Civil Engineer
2018-02-12 14:42,https://sfbay.craigslist.org/sfc/egr/d/field-engineer/6494334716.html,Field Engineer
2018-02-12 14:22,https://sfbay.craigslist.org/nby/egr/d/vectorworks-drafter-designer/6494308504.html,Vectorworks Drafter/Designer for Architectural Firm
2018-02-12 14:19,https://sfbay.craigslist.org/sfc/egr/d/lead-construction-inspector/6494303974.html,Lead Construction Inspector
2018-02-12 14:11,https://sfbay.craigslist.org/eby/egr/d/draftsman-engineer/6494293253.html,** Draftsman Engineer **
2018-02-12 13:47,https://sfbay.craigslist.org/sfc/egr/d/revit-designers/6494260207.html,Revit Designers
2018-02-12 13:25,https://sfbay.craigslist.org/sfc/egr/d/project-engineer/6494231860.html,Project Engineer
2018-02-12 12:21,https://sfbay.craigslist.org/sby/egr/d/project-administrator/6494138242.html,Project Administrator - Construction
2018-02-12 09:59,https://sfbay.craigslist.org/sby/egr/d/construction-project-manager/6493915729.html,Construction Project Manager
2018-02-12 09:45,https://sfbay.craigslist.org/nby/egr/d/engineer/6493893056.html,Engineer
2018-02-12 09:44,https://sfbay.craigslist.org/eby/egr/d/residential-remodeling/6493890138.html,Residential Remodeling Estimator/Project Mgr for Design Build Co
2018-02-12 06:08,https://sfbay.craigslist.org/pen/egr/d/failure-analysis-technician/6493577954.html,Failure Analysis Technician at a Leader in Autonomous Vehicles
2018-02-12 05:47,https://sfbay.craigslist.org/sfc/egr/d/marketing-coordinator/6493559131.html,Marketing Coordinator
2018-02-12 00:56,https://sfbay.craigslist.org/nby/egr/d/mid-level-landscape-architect/6493450088.html,Mid-level landscape architect/designer
2018-02-11 20:31,https://sfbay.craigslist.org/sfc/egr/d/lead-data-scientist-mobile/6493358034.html,Lead Data Scientist - Mobile Gaming
2018-02-11 12:13,https://sfbay.craigslist.org/sfc/egr/d/architect-designer-2-5-years/6492898716.html,Architect/Designer 2-5 years experience
2018-02-10 16:26,https://sfbay.craigslist.org/sfc/egr/d/office-engineer-project/6492134577.html,Office Engineer / Project Administration / Document Control Manager
2018-02-10 13:44,https://sfbay.craigslist.org/eby/egr/d/architect-designer-2-3-years/6491965206.html,ARCHITECT/DESIGNER 2-3 YEARS OF EXPERIENCE - ODS Architecture
2018-02-10 11:10,https://sfbay.craigslist.org/pen/egr/d/landscape-architecture-entry/6491758220.html,Landscape Architecture - Entry to Mid Level
2018-02-10 08:28,https://sfbay.craigslist.org/pen/egr/d/senior-interior-designer/6491516609.html,Senior Interior Designer
2018-02-09 18:30,https://sfbay.craigslist.org/sfc/egr/d/p6-scheduler-data-entry/6491055267.html,"P6 Scheduler, Data Entry, AutoCAD drafter $35+/hr"
2018-02-09 17:01,https://sfbay.craigslist.org/sfc/egr/d/lead-mechanical-engineer-pae/6490980420.html,LEAD MECHANICAL ENGINEER - PAE CONSULTING ENGINEERS
2018-02-09 15:35,https://sfbay.craigslist.org/sfc/egr/d/estimator-structural-steel/6490890967.html,Estimator; Structural Steel Construction Co.
2018-02-09 15:32,https://sfbay.craigslist.org/sfc/egr/d/project-manager-field/6490887192.html,Project Manager/Field Engineer; Structural Steel Construction Co.
2018-02-09 13:57,https://sfbay.craigslist.org/nby/egr/d/architectural-job-captain/6490769927.html,Architectural Job Captain (Revit)
2018-02-09 13:14,https://sfbay.craigslist.org/sfc/egr/d/land-surveyor-and-assistant/6490711797.html,LAND SURVEYOR and ASSISTANT LAND SURVEYOR
2018-02-09 13:10,https://sfbay.craigslist.org/sfc/egr/d/project-manager-civil/6490705659.html,PROJECT MANAGER / CIVIL ENGINEER / DESIGNER
2018-02-09 12:21,https://sfbay.craigslist.org/eby/egr/d/office-land-surveyor/6490636225.html,Office Land Surveyor Technician
2018-02-09 10:13,https://sfbay.craigslist.org/nby/egr/d/draftsman-bim/6490441183.html,Draftsman/ BIM
2018-02-09 10:09,https://sfbay.craigslist.org/nby/egr/d/structural-engineer/6490434830.html,Structural Engineer
2018-02-09 05:31,https://sfbay.craigslist.org/pen/egr/d/environmental-remediation/6490061744.html,Environmental Remediation Technician
2018-02-08 21:55,https://sfbay.craigslist.org/sfc/egr/d/architect-designer-position/6489919113.html,Architect/Designer Position Available
2018-02-08 18:03,https://sfbay.craigslist.org/eby/egr/d/architectural-designer-drafter/6489779431.html,Architectural Designer / Drafter
2018-02-08 16:26,https://sfbay.craigslist.org/sby/egr/d/reliability-test-engineer/6489692465.html,Reliability Test Engineer
2018-02-08 15:59,https://sfbay.craigslist.org/eby/egr/d/looking-for-junior-estimator/6489665173.html,Looking for a Junior Estimator
2018-02-08 14:43,https://sfbay.craigslist.org/nby/egr/d/junior-project-architect-with/6489581420.html,JUNIOR PROJECT ARCHITECT with 2 to 6 Years of Experience
2018-02-08 14:17,https://sfbay.craigslist.org/eby/egr/d/junior-and-senior-revit/6489550300.html,Junior and Senior Revit Specialist
2018-02-08 11:45,https://sfbay.craigslist.org/sfc/egr/d/design-assistant-hospitality/6489345966.html,DESIGN ASSISTANT (HOSPITALITY INTERIOR DESIGN )
2018-02-08 11:41,https://sfbay.craigslist.org/sfc/egr/d/project-designer-hospitality/6489341301.html,PROJECT DESIGNER (HOSPITALITY INTERIOR DESIGN )
2018-02-08 11:36,https://sfbay.craigslist.org/sfc/egr/d/project-designer-residential/6489332765.html,PROJECT DESIGNER (RESIDENTIAL INTERIOR DESIGN )
2018-02-08 11:23,https://sfbay.craigslist.org/eby/egr/d/landscape-architect/6489315231.html,Landscape Architect
2018-02-08 11:09,https://sfbay.craigslist.org/eby/egr/d/detailer-miscellaneous-metal/6489294941.html,Detailer- Miscellaneous Metal/Structural Steel
2018-02-08 08:45,https://sfbay.craigslist.org/pen/egr/d/autocad-drafter-detailer-for/6489079367.html,AutoCAD Drafter/Detailer For Commercial Tile & Stone Contractor
2018-02-08 07:23,https://sfbay.craigslist.org/pen/egr/d/failure-analysis-technician/6488964014.html,Failure Analysis Technician at a Leader in Autonomous Vehicles
2018-02-07 21:40,https://sfbay.craigslist.org/pen/egr/d/industrial-controls-engineer/6488701747.html,Industrial Controls Engineer
2018-02-07 17:22,https://sfbay.craigslist.org/sfc/egr/d/intermediate-designer/6488530343.html,Intermediate Designer position 3-5 Years @ Kodorski Design
2018-02-07 17:19,https://sfbay.craigslist.org/eby/egr/d/licensed-land-surveyor/6488527563.html,Licensed Land Surveyor
2018-02-07 16:52,https://sfbay.craigslist.org/eby/egr/d/hiring-project-labor-foreman/6488501587.html,"Hiring! Project Labor Foreman 5936, - Holland Residential"
2018-02-07 16:51,https://sfbay.craigslist.org/eby/egr/d/hiring-project-superintendent/6488500686.html,Hiring!  Project Superintendent 5937 - Holland Residential
2018-02-07 16:16,https://sfbay.craigslist.org/nby/egr/d/associate-engineer-civil/6488465549.html,Associate Engineer - Civil/Environmental
2018-02-07 14:53,https://sfbay.craigslist.org/eby/egr/d/t-autocad-technician-civil/6488375104.html,"F/T AutoCAD Technician - Civil, Structural & Electrical"
2018-02-07 14:39,https://sfbay.craigslist.org/eby/egr/d/staff-geotechnical-engineer/6488358431.html,STAFF GEOTECHNICAL ENGINEER
2018-02-07 13:58,https://sfbay.craigslist.org/sfc/egr/d/project-geotechnical-engineer/6488306049.html,Project Geotechnical Engineer / Geologist
2018-02-07 13:57,https://sfbay.craigslist.org/eby/egr/d/haywardca-macys-logistics/6488304394.html,"Hayward,CA - Macy's Logistics: Maintenance Mechanic, Full Time"
2018-02-07 12:38,https://sfbay.craigslist.org/nby/egr/d/solidworks-autocad-drafter/6488197721.html,Solidworks / AutoCAD Drafter
2018-02-07 12:30,https://sfbay.craigslist.org/sfc/egr/d/site-survey-genius/6488186184.html,Site Survey Genius
2018-02-07 11:24,https://sfbay.craigslist.org/eby/egr/d/field-services-engineer-water/6488089583.html,Field Services Engineer - Water & Wastewater
2018-02-07 09:44,https://sfbay.craigslist.org/nby/egr/d/architectural-draftsperson/6487935099.html,Architectural Draftsperson
2018-02-07 09:40,https://sfbay.craigslist.org/eby/egr/d/architecture-project-designer/6487928944.html,Architecture Project Designer (PLSCOM410)
2018-02-07 09:39,https://sfbay.craigslist.org/sfc/egr/d/electrical-construction/6487927286.html,Electrical Construction Engineer and Inspector
2018-02-07 09:29,https://sfbay.craigslist.org/eby/egr/d/maintenance-engineer-or-plant/6487911403.html,Maintenance Engineer or Plant Engineer or Facilities Tech. (Angelica)
2018-02-07 09:11,https://sfbay.craigslist.org/eby/egr/d/project-coordinator-kb-design/6487884121.html,Project Coordinator- K&B Design
2018-02-07 09:05,https://sfbay.craigslist.org/sfc/egr/d/design-assistant-residential/6487874496.html,DESIGN ASSISTANT (RESIDENTIAL INTERIOR DESIGN )
2018-02-07 08:54,https://sfbay.craigslist.org/eby/egr/d/special-inspector/6487858304.html,Special Inspector
2018-02-07 08:41,https://sfbay.craigslist.org/sby/egr/d/sr-rd-quality-engineer-san/6487837333.html,"Sr. R&D Quality Engineer - San Jose, CA"
2018-02-06 21:25,https://sfbay.craigslist.org/sfc/egr/d/office-project-administrator/6487454444.html,Office / Project - Administrator / Manager - Assistant
2018-02-06 17:15,https://sfbay.craigslist.org/eby/egr/d/port-supervising-engineer/6487280231.html,PORT SUPERVISING ENGINEER (CIVIL WORK)
2018-02-06 17:00,https://sfbay.craigslist.org/nby/egr/d/cad-drafter-designer/6487265785.html,CAD Drafter/Designer
2018-02-06 15:54,https://sfbay.craigslist.org/eby/egr/d/interior-architectural/6487198341.html,INTERIOR ARCHITECTURAL DESIGNER 3D STUDIO MAX DESIGNER
2018-02-06 15:25,https://sfbay.craigslist.org/nby/egr/d/sr-architect-to-focus-on/6487165855.html,Sr. Architect to focus on Parking Structures
2018-02-06 15:22,https://sfbay.craigslist.org/nby/egr/d/lead-assistant-resident/6487163110.html,Lead Assistant Resident Engineer
2018-02-06 15:20,https://sfbay.craigslist.org/nby/egr/d/structural-design-engineer/6487161014.html,Structural Design Engineer
2018-02-06 13:28,https://sfbay.craigslist.org/eby/egr/d/residential-pv-design-manager/6487018562.html,Residential PV Design Manager
2018-02-06 13:17,https://sfbay.craigslist.org/eby/egr/d/engineering-consultants/6487003505.html,Engineering Consultants
2018-02-06 12:13,https://sfbay.craigslist.org/eby/egr/d/assistant-land-surveyor/6486913646.html,ASSISTANT LAND SURVEYOR
2018-02-06 11:44,https://sfbay.craigslist.org/sfc/egr/d/project-engineers-or-ca-az-nv/6486870613.html,"Project Engineers - OR, CA, AZ, NV, UT"
2018-02-06 10:26,https://sfbay.craigslist.org/sby/egr/d/mechanical-engineer/6486752880.html,MECHANICAL ENGINEER
2018-02-06 10:06,https://sfbay.craigslist.org/sfc/egr/d/chief-engineer/6486722478.html,Chief Engineer
2018-02-06 08:49,https://sfbay.craigslist.org/sby/egr/d/proposal-coordinator-mig-san/6486601637.html,PROPOSAL Coordinator -- MIG San Jose Office
2018-02-06 07:58,https://sfbay.craigslist.org/eby/egr/d/proposal-coordinator-berkeley/6486527353.html,PROPOSAL Coordinator -- Berkeley
2018-02-05 17:35,https://sfbay.craigslist.org/sby/egr/d/regulatory-compliance-test/6486045908.html,Regulatory Compliance Test Technician
2018-02-05 15:08,https://sfbay.craigslist.org/nby/egr/d/entry-level-civil-engineer/6485892218.html,Entry Level Civil Engineer
2018-02-05 13:21,https://sfbay.craigslist.org/eby/egr/d/project-manager/6485751540.html,Project Manager
2018-02-05 13:21,https://sfbay.craigslist.org/eby/egr/d/electrical-designer/6485751109.html,Electrical Designer
2018-02-05 13:19,https://sfbay.craigslist.org/eby/egr/d/project-architect/6485748346.html,Project Architect
2018-02-05 13:18,https://sfbay.craigslist.org/eby/egr/d/job-captain-architecture/6485747616.html,Job Captain/Architecture
2018-02-05 13:18,https://sfbay.craigslist.org/eby/egr/d/mechanical-designer/6485747000.html,Mechanical Designer
2018-02-05 13:17,https://sfbay.craigslist.org/eby/egr/d/engineering-drafter/6485746296.html,Engineering Drafter
2018-02-05 13:12,https://sfbay.craigslist.org/sfc/egr/d/administrative-associate/6485739292.html,Administrative Associate/paralegal
2018-02-05 11:30,https://sfbay.craigslist.org/eby/egr/d/manufacturing-process/6485586360.html,Manufacturing Process Engineer / RJG Molder / Plastic Injection
2018-02-05 11:06,https://sfbay.craigslist.org/sfc/egr/d/business-development-manager/6485549595.html,Business Development Manager for Tech Partnerships - REF #40011
2018-02-05 10:32,https://sfbay.craigslist.org/scz/egr/d/sca-architects-architectural/6485496715.html,SCA Architects - ARCHITECTURAL DRAFTER / Technical Production Staff
2018-02-05 10:15,https://sfbay.craigslist.org/sfc/egr/d/mechanical-engineer-contract/6485470100.html,Mechanical Engineer (Contract Position)
2018-02-05 09:51,https://sfbay.craigslist.org/eby/egr/d/hiring-project-superintendent/6485431219.html,"Hiring! Project Superintendent, Job 5938 - Holland Construction"
2018-02-05 09:42,https://sfbay.craigslist.org/eby/egr/d/senior-forensic-staff/6485416679.html,Senior Forensic Staff Architect
2018-02-05 09:40,https://sfbay.craigslist.org/eby/egr/d/senior-structural-engineer/6485414562.html,Senior Structural Engineer
2018-02-05 09:37,https://sfbay.craigslist.org/sby/egr/d/commercial-superintendent/6485409015.html,COMMERCIAL SUPERINTENDENT
2018-02-05 09:15,https://sfbay.craigslist.org/sby/egr/d/cost-estimator-highway-city/6485374023.html,Cost Estimator (Highway-City Projects)
2018-02-05 07:52,https://sfbay.craigslist.org/pen/egr/d/structural-engineer/6485246004.html,Structural Engineer
2018-02-04 20:56,https://sfbay.craigslist.org/scz/egr/d/interior-architect/6484924566.html,INTERIOR ARCHITECT
2018-02-03 14:21,https://sfbay.craigslist.org/nby/egr/d/architecture-drafter-architect/6483651659.html,ARCHITECTURE - Drafter/ Architect
2018-02-03 14:15,https://sfbay.craigslist.org/pen/egr/d/architect-project-manager/6483644180.html,Architect- Project Manager/Project Architect
2018-02-03 14:13,https://sfbay.craigslist.org/pen/egr/d/architectural-senior-interior/6483642665.html,Architectural -  Senior Interior Designer/Project Manager
2018-02-03 14:12,https://sfbay.craigslist.org/pen/egr/d/architect-jr-designer-job/6483641110.html,Architect- Jr Designer/Job Captain
2018-02-03 11:26,https://sfbay.craigslist.org/pen/egr/d/autocad-drafter/6483427215.html,AutoCAD Drafter
2018-02-02 17:36,https://sfbay.craigslist.org/nby/egr/d/process-engineer-for/6482657300.html,Process Engineer for Manufacturing Facilities
2018-02-02 17:32,https://sfbay.craigslist.org/pen/egr/d/interior-designer-for-senior/6482653758.html,Interior Designer for Senior Living Projects
2018-02-02 17:32,https://sfbay.craigslist.org/sfc/egr/d/senior-industrial-designer/6482653557.html,Senior Industrial Designer for Consumer Products
2018-02-02 17:17,https://sfbay.craigslist.org/eby/egr/d/land-survey-technician-party/6482640152.html,Land Survey Technician/Party Chief
2018-02-02 16:50,https://sfbay.craigslist.org/sfc/egr/d/construction-project-engineer/6482614477.html,Construction Project Engineer/Assistant Project Manager
2018-02-02 16:01,https://sfbay.craigslist.org/sfc/egr/d/office-engineer-document/6482565725.html,Office Engineer / Document Controls Specialist
2018-02-02 15:11,https://sfbay.craigslist.org/nby/egr/d/drafters-designers/6482510278.html,Drafters & Designers
2018-02-02 14:53,https://sfbay.craigslist.org/eby/egr/d/landscape-designer-architect/6482489000.html,Landscape Designer / Architect
2018-02-02 13:37,https://sfbay.craigslist.org/eby/egr/d/survey-cad-technician-join-an/6482389943.html,====SURVEY CAD TECHNICIAN==== Join an award winning company!
2018-02-02 13:33,https://sfbay.craigslist.org/nby/egr/d/supervising-engineer-asset/6482384983.html,Supervising Engineer - Asset Management
2018-02-02 13:32,https://sfbay.craigslist.org/eby/egr/d/field-land-surveyor-party/6482382601.html,===FIELD LAND SURVEYOR PARTY CHIEF=== Join a Fortune 500 company!
2018-02-02 13:20,https://sfbay.craigslist.org/pen/egr/d/architectural-cad-drafter/6482366039.html,Architectural CAD Drafter
2018-02-02 12:02,https://sfbay.craigslist.org/scz/egr/d/mechanical-engineer/6482255777.html,Mechanical Engineer
2018-02-02 11:49,https://sfbay.craigslist.org/nby/egr/d/field-operations-coordinator/6482236799.html,"Field Operations Coordinator  Mill Valley, CA"
2018-02-02 11:41,https://sfbay.craigslist.org/nby/egr/d/shop-drawing-fabrication/6482225044.html,Shop Drawing/Fabrication Design Specialist
2018-02-02 11:11,https://sfbay.craigslist.org/sfc/egr/d/sf-land-surveying-firm/6482179172.html,SF Land Surveying Firm Seeking Office Personnel
2018-02-02 08:44,https://sfbay.craigslist.org/sfc/egr/d/architectural-design-drafter/6481952927.html,Architectural Design Drafter
2018-02-02 08:44,https://sfbay.craigslist.org/eby/egr/d/civil-engineer-cad-drafter/6481952818.html,Civil Engineer / CAD Drafter
2018-02-01 22:07,https://sfbay.craigslist.org/sfc/egr/d/vectorworks-architectural-cad/6481580473.html,VECTORWORKS ARCHITECTURAL CAD DRAFTER
2018-02-01 21:30,https://sfbay.craigslist.org/sfc/egr/d/mechanical-construction/6481565104.html,Mechanical Construction Engineer and Inspector
2018-02-01 16:53,https://sfbay.craigslist.org/eby/egr/d/cad-draftsperson/6481372673.html,CAD Draftsperson
2018-02-01 16:39,https://sfbay.craigslist.org/eby/egr/d/construction-project-manager/6481358239.html,Construction Project Manager
2018-02-01 16:38,https://sfbay.craigslist.org/sfc/egr/d/project-architect/6481357305.html,Project Architect
2018-02-01 14:32,https://sfbay.craigslist.org/eby/egr/d/transportation-civil/6481219195.html,Transportation (Civil) Engineers (Fremont and Sacramento offices)
2018-02-01 14:30,https://sfbay.craigslist.org/eby/egr/d/cad-drafter/6481216481.html,CAD Drafter
2018-02-01 14:22,https://sfbay.craigslist.org/nby/egr/d/employment-opportunities-at/6481207557.html,Employment Opportunities at Backen Gillam Architects
2018-02-01 14:19,https://sfbay.craigslist.org/eby/egr/d/chain-person-entry-level/6481203733.html,Chain Person - Entry Level
2018-02-01 14:09,https://sfbay.craigslist.org/nby/egr/d/employment-opportunities-at/6481190873.html,Employment Opportunities at Backen Gillam Architects
2018-02-01 13:57,https://sfbay.craigslist.org/sby/egr/d/test-engineer-mechanical/6481175909.html,Test Engineer - Mechanical Preferred - Multiple openings
2018-02-01 12:30,https://sfbay.craigslist.org/sfc/egr/d/administrative-assistant/6481059985.html,Administrative Assistant/Accounts Payable Assistant
2018-02-01 09:30,https://sfbay.craigslist.org/nby/egr/d/building-official/6480799215.html,Building Official
2018-02-01 09:10,https://sfbay.craigslist.org/pen/egr/d/land-surveying-technician/6480767971.html,Land Surveying Technician
2018-02-01 08:54,https://sfbay.craigslist.org/pen/egr/d/project-land-surveyor/6480745143.html,Project Land Surveyor
2018-02-01 08:06,https://sfbay.craigslist.org/sby/egr/d/project-engineer/6480677460.html,Project Engineer
2018-01-31 23:02,https://sfbay.craigslist.org/pen/egr/d/construction-positions/6480392834.html,Construction Positions
2018-01-31 17:10,https://sfbay.craigslist.org/sfc/egr/d/intermediate-architect/6480180580.html,Intermediate Architect/Designer - 2-4 Years Experience
2018-01-31 16:41,https://sfbay.craigslist.org/eby/egr/d/hiring-project-labor-foreman/6480153608.html,"Hiring! Project Labor Foreman 5936, - Holland Residential"
2018-01-31 16:41,https://sfbay.craigslist.org/eby/egr/d/hiring-project-superintendent/6480153043.html,Hiring!  Project Superintendent 5937 - Holland Residential
2018-01-31 16:18,https://sfbay.craigslist.org/sfc/egr/d/licensed-professional/6480130606.html,Licensed Professional Engineer (PE)
2018-01-31 15:45,https://sfbay.craigslist.org/sby/egr/d/solutions-engineer-sc17377/6480096767.html,Solutions Engineer (SC17377)
2018-01-31 15:11,https://sfbay.craigslist.org/sfc/egr/d/structural-engineer-on-site/6480059712.html,Structural Engineer - on site
2018-01-31 15:08,https://sfbay.craigslist.org/sfc/egr/d/consumer-focused-industrial/6480056108.html,Consumer focused Industrial Designer $50 per hour to start - Part time
2018-01-31 13:58,https://sfbay.craigslist.org/pen/egr/d/construction-project-manager/6479971774.html,Construction Project Manager
2018-01-31 13:09,https://sfbay.craigslist.org/nby/egr/d/office-land-surveyor/6479908145.html,Office Land Surveyor
2018-01-31 13:07,https://sfbay.craigslist.org/nby/egr/d/survey-technician/6479905630.html,Survey Technician
2018-01-31 13:00,https://sfbay.craigslist.org/pen/egr/d/architectural-drafter/6479896662.html,Architectural Drafter
2018-01-31 11:47,https://sfbay.craigslist.org/sby/egr/d/senior-java-platform-engineer/6479798527.html,Senior Java Platform Engineer
2018-01-31 10:37,https://sfbay.craigslist.org/nby/egr/d/senior-construction-project/6479696496.html,Senior Construction Project Manager
2018-01-31 09:16,https://sfbay.craigslist.org/sby/egr/d/program-manager/6479573999.html,Program Manager
2018-01-31 07:54,https://sfbay.craigslist.org/eby/egr/d/project-manager/6479453695.html,Project Manager
2018-01-30 17:35,https://sfbay.craigslist.org/sfc/egr/d/junior-architect/6478986145.html,Junior Architect
2018-01-30 16:02,https://sfbay.craigslist.org/nby/egr/d/paid-intern-eng-aide-pipe/6478895907.html,Paid Intern - Eng. Aide Pipe Locator w/ Marin Municipal Water Dist
2018-01-30 15:20,https://sfbay.craigslist.org/sfc/egr/d/construction-estimator/6478850270.html,Construction Estimator
2018-01-30 15:02,https://sfbay.craigslist.org/eby/egr/d/rebar-estimator-detailer/6478828969.html,Rebar Estimator / Detailer
2018-01-30 14:29,https://sfbay.craigslist.org/sfc/egr/d/project-manager-wanted/6478789015.html,*Project Manager Wanted*
2018-01-30 14:23,https://sfbay.craigslist.org/sfc/egr/d/interior-design-summer/6478782671.html,"Interior Design Summer Internship - San Francisco, CA (SFOINT1460)"
2018-01-30 14:20,https://sfbay.craigslist.org/sfc/egr/d/interior-design-project/6478778246.html,Interior Design Project Manager (SFOINT1460)
2018-01-30 14:19,https://sfbay.craigslist.org/sfc/egr/d/interior-design-job-captain/6478777188.html,Interior Design Job Captain (SFOINT1460)
2018-01-30 14:18,https://sfbay.craigslist.org/sfc/egr/d/architecture-job-captain/6478776240.html,Architecture Job Captain (SFOCOM1410)
2018-01-30 14:02,https://sfbay.craigslist.org/eby/egr/d/project-associate/6478755331.html,Project Associate
2018-01-30 13:18,https://sfbay.craigslist.org/nby/egr/d/architectural-drafter-at/6478696107.html,Architectural Drafter at Design Firm - Independent Contractor
2018-01-30 13:05,https://sfbay.craigslist.org/sfc/egr/d/senior-architect/6478678344.html,Senior Architect
2018-01-30 12:01,https://sfbay.craigslist.org/pen/egr/d/failure-analysis-technician/6478591187.html,Failure Analysis Technician at a Leader in Autonomous Vehicles
2018-01-30 11:45,https://sfbay.craigslist.org/eby/egr/d/associate-engineer-project/6478568582.html,Associate Engineer / Project Engineer
2018-01-30 11:43,https://sfbay.craigslist.org/eby/egr/d/senior-engineer-project/6478565502.html,Senior Engineer / Project Manager
2018-01-30 11:42,https://sfbay.craigslist.org/eby/egr/d/senior-project-manager/6478563165.html,Senior Project Manager
2018-01-30 11:26,https://sfbay.craigslist.org/eby/egr/d/interior-design-senior/6478540532.html,Interior Design Senior Project Manager (PLSINT460)
2018-01-30 11:26,https://sfbay.craigslist.org/sfc/egr/d/construction-project-manager/6478540324.html,Construction Project Manager
2018-01-30 09:38,https://sfbay.craigslist.org/eby/egr/d/civil-engineering-summer/6478376293.html,"Civil Engineering Summer Internship - Pleasanton, CA (PLSCIVIL440)"
2018-01-30 09:37,https://sfbay.craigslist.org/eby/egr/d/interior-design-summer/6478375228.html,"Interior Design Summer Internship - Pleasanton, CA (PLSINT460)"
2018-01-30 09:36,https://sfbay.craigslist.org/eby/egr/d/architecture-summer/6478374040.html,"Architecture Summer Internship - Pleasanton, CA (PLSCOM410)"
2018-01-30 09:19,https://sfbay.craigslist.org/eby/egr/d/interior-design-job-captain/6478348033.html,"Interior Design Job Captain, Automated Distribution (PLSINT460)"
2018-01-30 09:19,https://sfbay.craigslist.org/eby/egr/d/interior-design-sr-project/6478346918.html,"Interior Design Sr. Project Manager, Automated Distribution(PLSINT460)"
2018-01-30 09:18,https://sfbay.craigslist.org/eby/egr/d/civil-engineering-designer/6478345782.html,Civil Engineering Designer (PLSCIVIL440)
2018-01-30 09:17,https://sfbay.craigslist.org/eby/egr/d/interior-design-job-captain/6478343614.html,Interior Design Job Captain (PLSINT460)
2018-01-30 09:16,https://sfbay.craigslist.org/eby/egr/d/architecture-job-captain/6478342457.html,Architecture Job Captain (PLSCOM410)
2018-01-30 09:15,https://sfbay.craigslist.org/eby/egr/d/architecture-project-manager/6478340989.html,Architecture Project Manager (PLSCOM410)
2018-01-30 09:14,https://sfbay.craigslist.org/eby/egr/d/interior-design-project/6478339558.html,Interior Design Project Manager (PLSINT460)
2018-01-30 08:53,https://sfbay.craigslist.org/nby/egr/d/manufacturing-engineer/6478308283.html,Manufacturing Engineer
2018-01-29 23:41,https://sfbay.craigslist.org/sby/egr/d/need-cad-designers-proficient/6477956671.html,Need CAD Designers Proficient in Revit 2017
2018-01-29 22:49,https://sfbay.craigslist.org/nby/egr/d/inspired-vectorworks-design/6477942027.html,inspired vectorworks design / drafter needed
2018-01-29 16:53,https://sfbay.craigslist.org/sfc/egr/d/landscape-architect-senior/6477703880.html,LANDSCAPE ARCHITECT . SENIOR PROJECT MANAGER-DESIGNER
2018-01-29 16:45,https://sfbay.craigslist.org/sfc/egr/d/landscape-designer-architect/6477696050.html,LANDSCAPE DESIGNER / ARCHITECT
2018-01-29 16:03,https://sfbay.craigslist.org/nby/egr/d/rf-application-technician/6477651664.html,RF Application Technician
2018-01-29 15:32,https://sfbay.craigslist.org/nby/egr/d/estimator-project-manager/6477618007.html,Estimator/ Project Manager
2018-01-29 15:07,https://sfbay.craigslist.org/nby/egr/d/landscape-designer-landscape/6477588773.html,Landscape Designer/Landscape Architect
2018-01-29 14:04,https://sfbay.craigslist.org/nby/egr/d/senior-land-surveyor/6477507108.html,SENIOR LAND SURVEYOR
2018-01-29 13:28,https://sfbay.craigslist.org/sfc/egr/d/staff-designer-education/6477457401.html,Staff Designer - Education
2018-01-29 13:21,https://sfbay.craigslist.org/sfc/egr/d/project-architect-education/6477447052.html,Project Architect - Education
2018-01-29 13:19,https://sfbay.craigslist.org/sfc/egr/d/senior-designer-education/6477443954.html,Senior Designer - Education
2018-01-29 13:12,https://sfbay.craigslist.org/sby/egr/d/mechanical-designer/6477433679.html,Mechanical Designer
2018-01-29 13:09,https://sfbay.craigslist.org/sfc/egr/d/design-project-administrative/6477430704.html,Design/Project Administrative Assistant
2018-01-29 13:07,https://sfbay.craigslist.org/sfc/egr/d/architect-licensed-in/6477427045.html,Architect Licensed in California
2018-01-29 12:50,https://sfbay.craigslist.org/sfc/egr/d/landscape-architect-position/6477401783.html,Landscape Architect Position
2018-01-29 12:27,https://sfbay.craigslist.org/eby/egr/d/project-manager-land/6477366114.html,Project Manager - Land Development
2018-01-29 12:20,https://sfbay.craigslist.org/sby/egr/d/structural-engineer/6477354959.html,Structural Engineer
2018-01-29 12:18,https://sfbay.craigslist.org/nby/egr/d/project-architect-santa-rosa/6477352649.html,Project Architect-Santa Rosa
2018-01-29 11:28,https://sfbay.craigslist.org/nby/egr/d/intermediate-architect/6477307461.html,INTERMEDIATE ARCHITECT / ENGINEER / CONTRACTOR
2018-01-29 11:01,https://sfbay.craigslist.org/sfc/egr/d/building-science-consultant/6477266081.html,Building Science Consultant / Engineer @ Vertically Integrated RE Co
2018-01-29 10:52,https://sfbay.craigslist.org/sby/egr/d/geotechnical-engineer/6477251638.html,Geotechnical Engineer
2018-01-29 09:54,https://sfbay.craigslist.org/eby/egr/d/project-manager-cabinet/6477159403.html,Project Manager - Cabinet Construction Service Rep
2018-01-29 09:22,https://sfbay.craigslist.org/eby/egr/d/intermediate-designer/6477107413.html,Intermediate Designer/Architect
2018-01-29 06:04,https://sfbay.craigslist.org/sfc/egr/d/fire-protection-engineer/6476831305.html,Fire Protection Engineer
2018-01-28 13:32,https://sfbay.craigslist.org/sfc/egr/d/resident-engineer-assistant/6476246681.html,Resident Engineer/Assistant Resident Engineer
2018-01-28 13:25,https://sfbay.craigslist.org/pen/egr/d/p6-cpm-scheduler/6476237429.html,P6 CPM Scheduler
2018-01-28 13:03,https://sfbay.craigslist.org/sfc/egr/d/senior-cost-estimator/6476211187.html,Senior Cost Estimator (Construction)
2018-01-28 12:31,https://sfbay.craigslist.org/sfc/egr/d/small-innovative-architecture/6476172521.html,"Small Innovative Architecture Firm seeks Archicad Proficient, Jr PM"
2018-01-27 12:24,https://sfbay.craigslist.org/eby/egr/d/biomedical-eng-or-bioengineer/6475106847.html,BioMedical Eng or Bioengineer or Mech Eng (San Francisco East Bay)
2018-01-27 11:49,https://sfbay.craigslist.org/sfc/egr/d/water-services-cost-estimator/6475059495.html,Water Services Cost Estimator
2018-01-27 09:25,https://sfbay.craigslist.org/sby/egr/d/surveyor-rodman/6474850360.html,Surveyor Rodman
2018-01-26 19:00,https://sfbay.craigslist.org/nby/egr/d/architectural-job-captain/6474346267.html,Architectural Job Captain (Revit)
2018-01-26 17:53,https://sfbay.craigslist.org/eby/egr/d/cabinet-vision-programmer/6474295953.html,Cabinet Vision Programmer
2018-01-26 17:13,https://sfbay.craigslist.org/eby/egr/d/professional-construction/6474262342.html,Professional Construction Engineer
2018-01-26 16:34,https://sfbay.craigslist.org/sby/egr/d/electrical-designer/6474225514.html,Electrical Designer
2018-01-26 16:09,https://sfbay.craigslist.org/scz/egr/d/senior-software-engineer/6474200847.html,"Senior Software Engineer, Computational Genomics Lab"
2018-01-26 16:01,https://sfbay.craigslist.org/eby/egr/d/engineering-drafter/6474192254.html,Engineering Drafter
2018-01-26 16:00,https://sfbay.craigslist.org/eby/egr/d/mechanical-designer/6474191234.html,Mechanical Designer
2018-01-26 16:00,https://sfbay.craigslist.org/eby/egr/d/job-captain-architecture/6474190656.html,Job Captain/Architecture
2018-01-26 15:59,https://sfbay.craigslist.org/eby/egr/d/project-architect/6474190004.html,Project Architect
2018-01-26 15:59,https://sfbay.craigslist.org/eby/egr/d/electrical-designer/6474189588.html,Electrical Designer
2018-01-26 15:58,https://sfbay.craigslist.org/eby/egr/d/project-manager/6474188888.html,Project Manager
2018-01-26 15:50,https://sfbay.craigslist.org/nby/egr/d/construction-project-engineer/6474181048.html,Construction Project Engineer
2018-01-26 15:27,https://sfbay.craigslist.org/pen/egr/d/project-engineer/6474155838.html,Project Engineer
2018-01-26 14:31,https://sfbay.craigslist.org/eby/egr/d/estimator-assistant-estimator/6474090169.html,Estimator / Assistant Estimator
2018-01-26 14:28,https://sfbay.craigslist.org/eby/egr/d/project-manager/6474086327.html,Project Manager
2018-01-26 14:27,https://sfbay.craigslist.org/eby/egr/d/assistant-project-manager/6474085205.html,Assistant Project Manager / Project Engineer
2018-01-26 14:21,https://sfbay.craigslist.org/sby/egr/d/construction-manager-and/6474077496.html,Construction Manager and Project Engineer
2018-01-26 12:24,https://sfbay.craigslist.org/eby/egr/d/architectural-designer/6473919709.html,ARCHITECTURAL DESIGNER
2018-01-26 11:38,https://sfbay.craigslist.org/eby/egr/d/associate-engineer/6473855196.html,Associate Engineer
2018-01-26 11:25,https://sfbay.craigslist.org/sby/egr/d/staff-designer-education-san/6473836014.html,Staff Designer - Education (San Jose)
2018-01-26 11:11,https://sfbay.craigslist.org/eby/egr/d/environmental-scientist/6473815584.html,Environmental Scientist
2018-01-26 11:07,https://sfbay.craigslist.org/eby/egr/d/hiring-project-labor-foreman/6473809039.html,"Hiring! Project Labor Foreman 5936, - Holland Residential"
2018-01-26 10:34,https://sfbay.craigslist.org/sby/egr/d/sr-electrical-engineer/6473759669.html,Sr. Electrical Engineer
2018-01-26 10:20,https://sfbay.craigslist.org/eby/egr/d/hiring-project-superintendent/6473738505.html,Hiring!  Project Superintendent 5937 - Holland Residential
2018-01-26 10:15,https://sfbay.craigslist.org/sfc/egr/d/structural-engineer/6473731576.html,Structural Engineer
2018-01-26 10:12,https://sfbay.craigslist.org/sby/egr/d/project-architect-education/6473726234.html,Project Architect - Education
2018-01-26 09:46,https://sfbay.craigslist.org/sby/egr/d/land-survey-technician-san/6473684744.html,"Land Survey Technician-San Jose, CA"
2018-01-26 08:39,https://sfbay.craigslist.org/eby/egr/d/structural-revit-bim/6473581607.html,Structural Revit / BIM Specialist
2018-01-25 16:18,https://sfbay.craigslist.org/eby/egr/d/licensed-civil-engineer-of/6472991568.html,Licensed Civil Engineer of California with 3 to 7 year of experience.
2018-01-25 15:03,https://sfbay.craigslist.org/sfc/egr/d/project-engineer/6472912371.html,Project Engineer - Seismic&Vibration Isolation - Large Construction
2018-01-25 14:35,https://sfbay.craigslist.org/nby/egr/d/full-stack-engineer-with/6472879863.html,Full Stack Engineer with Angular Skills in SF North Bay
2018-01-25 14:10,https://sfbay.craigslist.org/sfc/egr/d/structural-engineering-firm/6472849970.html,Structural Engineering firm seeking employment
2018-01-25 13:32,https://sfbay.craigslist.org/nby/egr/d/project-architect-design-build/6472801458.html,Project Architect (Design-Build)
2018-01-25 12:54,https://sfbay.craigslist.org/sby/egr/d/civil-or-mechanical-engineer/6472750857.html,Civil or Mechanical Engineer with College Degree Needed
2018-01-25 12:49,https://sfbay.craigslist.org/sfc/egr/d/senior-mechanical-design/6472743833.html,Senior Mechanical Design Engineer - Momentum Machines
2018-01-25 12:41,https://sfbay.craigslist.org/sfc/egr/d/hardware-reliability-engineer/6472733483.html,Hardware Reliability Engineer - Momentum Machines
2018-01-25 12:38,https://sfbay.craigslist.org/nby/egr/d/design-assistant-to-principle/6472728682.html,Design Assistant to Principle Architect (Design-Build)
2018-01-25 12:32,https://sfbay.craigslist.org/sfc/egr/d/rmo-for-california-corporation/6472720570.html,RMO FOR CALIFORNIA CORPORATION
2018-01-25 12:13,https://sfbay.craigslist.org/sfc/egr/d/rmo-for-california-corporation/6472694607.html,RMO FOR CALIFORNIA CORPORATION
2018-01-25 12:02,https://sfbay.craigslist.org/eby/egr/d/senior-geotechnical-civil/6472678491.html,Senior Geotechnical/Civil Engineer
2018-01-25 11:56,https://sfbay.craigslist.org/sby/egr/d/software-engineer-iii-iv/6472670006.html,Software Engineer III/IV
2018-01-25 11:34,https://sfbay.craigslist.org/eby/egr/d/software-engineer-ii/6472640325.html,Software Engineer I/II
2018-01-25 10:16,https://sfbay.craigslist.org/eby/egr/d/civil-engineering-summer/6472526592.html,"Civil Engineering Summer Internship - Pleasanton, CA (PLSCIVIL440)"
2018-01-25 10:12,https://sfbay.craigslist.org/eby/egr/d/sales-engineer/6472519579.html,Sales Engineer
2018-01-25 10:07,https://sfbay.craigslist.org/eby/egr/d/interior-design-summer/6472512399.html,"Interior Design Summer Internship - Pleasanton, CA (PLSINT460)"
2018-01-25 09:59,https://sfbay.craigslist.org/eby/egr/d/architecture-summer/6472499851.html,"Architecture Summer Internship - Pleasanton, CA (PLSCOM410)"
2018-01-25 09:58,https://sfbay.craigslist.org/sby/egr/d/hardware-manager-yield/6472499332.html,"Hardware Manager - Yield Management, Motion Control, Metrology"
2018-01-25 09:30,https://sfbay.craigslist.org/eby/egr/d/architect-in-training-bozeman/6472456339.html,Architect In Training (Bozeman MT)
2018-01-25 09:22,https://sfbay.craigslist.org/nby/egr/d/project-manager-job-captain/6472444320.html,Project Manager / Job Captain AXIA Architects
2018-01-25 04:37,https://sfbay.craigslist.org/pen/egr/d/licensed-architect-for/6472134302.html,Licensed Architect for Innovative Engineered Home Developer
2018-01-25 04:28,https://sfbay.craigslist.org/pen/egr/d/project-manager-for/6472130481.html,Project Manager for Innovative Engineered Home Development
2018-01-24 20:47,https://sfbay.craigslist.org/sfc/egr/d/full-time-interior-designer/6472000017.html,Full time Interior Designer / Interior Architect
2018-01-24 13:40,https://sfbay.craigslist.org/sfc/egr/d/senior-project-architect/6471606427.html,SENIOR PROJECT ARCHITECT WITH 10-20 YEARS EXPERIENCE
2018-01-24 12:55,https://sfbay.craigslist.org/pen/egr/d/architect-project-manager/6471546746.html,Architect Project Manager
2018-01-24 12:24,https://sfbay.craigslist.org/sfc/egr/d/interior-designer/6471504548.html,Interior Designer
2018-01-24 11:23,https://sfbay.craigslist.org/eby/egr/d/construction-project-manager/6471417231.html,Construction Project Manager / Estimator
2018-01-24 10:04,https://sfbay.craigslist.org/sfc/egr/d/field-engineer/6471299220.html,Field Engineer
2018-01-24 09:44,https://sfbay.craigslist.org/sby/egr/d/principal-electrical-design/6471269066.html,Principal Electrical Design Engineer
